quiz_type,days_in,cleaned_label,timestamp_start,duration,reserved,subscore,final_score,ways_accept_resp,ways_confrontive,ways_distancing,ways_escape,ways_problem_solving,ways_positive_reappraisal,ways_seeking_social_support,ways_self_controlling,user_id,quiz_id,interruption_duration,max_value_possible,min_value_possible,number_of_pages
"The Ways of Coping",0,pre_study,1602963425045,13.4523,NULL,"Accepting responsibility: 9
Confrontive Coping: 3
Distancing: 4
Escape-Avoidance: 11
Positive reappraisal: 8
Planful problem-solving: 5
Seeking social support: 7
Self-controlling: 13
",86,9,3,4,11,5,8,7,13,1ba7da21d0d6bef7fb14da2473c56547ae44fc718c4a0c87b5ebb5d7fca0f570,if8z79jqox,223258,198,0,10
"The Ways of Coping",1,pre_study,1603091667071,15.316366666666667,NULL,"Accepting responsibility: 1
Confrontive Coping: 5
Distancing: 5
Escape-Avoidance: 7
Positive reappraisal: 4
Planful problem-solving: 8
Seeking social support: 7
Self-controlling: 9
",75,1,5,5,7,8,4,7,9,7b717d9c7e7b1e06653dfa5bb57219b5f10ebeec4fedfcc802daef57bd0718b7,ixiybd70li,170296,198,0,10
"The Ways of Coping",0,pre_study,1603094784071,18.3613,NULL,"Accepting responsibility: 7
Confrontive Coping: 5
Distancing: 7
Escape-Avoidance: 15
Positive reappraisal: 5
Planful problem-solving: 10
Seeking social support: 11
Self-controlling: 12
",100,7,5,7,15,10,5,11,12,c25b19030710ebefcc5595276a09c055652620e37700f4ecebb48926a2de5be6,u155nya56n,711896,198,0,10
"The Ways of Coping",1,pre_study,1603102963381,5.882633333333334,NULL,"Accepting responsibility: 7
Confrontive Coping: 8
Distancing: 7
Escape-Avoidance: 5
Positive reappraisal: 10
Planful problem-solving: 14
Seeking social support: 7
Self-controlling: 10
",96,7,8,7,5,14,10,7,10,d93cdfbf0b377149c43d9fd8cd694b22ec77b62b0155e3cc7f31542548a33e1a,ideqc827k2,0,198,0,10
"The Ways of Coping",0,pre_study,1603113375907,10.4124,NULL,"Accepting responsibility: 3
Confrontive Coping: 8
Distancing: 8
Escape-Avoidance: 12
Positive reappraisal: 9
Planful problem-solving: 4
Seeking social support: 5
Self-controlling: 7
",75,3,8,8,12,4,9,5,7,4dea0155508cf8ca1a01f87f9f6f1b1a2b1f594b787a7f06cbdb4b17d65f0fa0,5p2rukbt3w,69205,198,0,10
"The Ways of Coping",0,pre_study,1603135679692,21.34785,NULL,"Accepting responsibility: 8
Confrontive Coping: 6
Distancing: 12
Escape-Avoidance: 10
Positive reappraisal: 9
Planful problem-solving: 13
Seeking social support: 7
Self-controlling: 12
",108,8,6,12,10,13,9,7,12,dd7f547a1801f67f16d72055516c7a7f0703aeaac6a278f280a800ed883cc54e,633rkq2bba,62115,198,0,10
"The Ways of Coping",0,pre_study,1603138187654,7.340766666666667,NULL,"Accepting responsibility: 4
Confrontive Coping: 6
Distancing: 6
Escape-Avoidance: 8
Positive reappraisal: 7
Planful problem-solving: 6
Seeking social support: 6
Self-controlling: 6
",66,4,6,6,8,6,7,6,6,8a68450c07c5cd80eaee6e1ce3e61fd20c9390a4f1ec9447c05d0a56ca53a188,tmdk8jcc6b,2259,198,0,10
"The Ways of Coping",0,pre_study,1603143020874,11.78715,NULL,"Accepting responsibility: 5
Confrontive Coping: 1
Distancing: 3
Escape-Avoidance: 8
Positive reappraisal: 3
Planful problem-solving: 5
Seeking social support: 5
Self-controlling: 9
",58,5,1,3,8,5,3,5,9,33bed4871eb22d3f36b27ec5d19480bb37d2eebdc3ef0e6f9aecbd3d3b8c0718,bvlnarm2i9,0,198,0,10
"The Ways of Coping",0,pre_study,1603168282850,15.9303,NULL,"Accepting responsibility: 6
Confrontive Coping: 10
Distancing: 8
Escape-Avoidance: 13
Positive reappraisal: 12
Planful problem-solving: 13
Seeking social support: 12
Self-controlling: 7
",110,6,10,8,13,13,12,12,7,eed961cfbfe35b3fe5c5bdebc9cb98a02b02741df67632a1c03bb0a37c6f8899,j49256ffoq,778920,198,0,10
"The Ways of Coping",0,pre_study,1603186202491,8.5633,NULL,"Accepting responsibility: 2
Confrontive Coping: 3
Distancing: 3
Escape-Avoidance: 4
Positive reappraisal: 4
Planful problem-solving: 3
Seeking social support: 11
Self-controlling: 6
",54,2,3,3,4,3,4,11,6,625e621e56bbca771c2e63d836101d1638a3ee66b322e971051a17b022ba4ab2,alkkaxe1eq,0,198,0,10
"The Ways of Coping",0,pre_study,1603209804126,11.313066666666666,NULL,"Accepting responsibility: 10
Confrontive Coping: 10
Distancing: 9
Escape-Avoidance: 12
Positive reappraisal: 3
Planful problem-solving: 8
Seeking social support: 13
Self-controlling: 6
",96,10,10,9,12,8,3,13,6,e3a26d78040fdd1c21548aea9a11146384797af05352aa8fdba0d98cc38793c2,1vi46f5as7,0,198,0,10
"The Ways of Coping",0,pre_study,1605017704828,8.7733,NULL,"Accepting responsibility: 4
Confrontive Coping: 10
Distancing: 3
Escape-Avoidance: 11
Positive reappraisal: 7
Planful problem-solving: 10
Seeking social support: 10
Self-controlling: 6
",89,4,10,3,11,10,7,10,6,364d29c547f802dd30fa3d90d4c3fc38ad4e0eb7725920ad11de2dd2f321fbbc,w67fw86uk6,0,198,0,10
"The Ways of Coping",0,pre_study,1605039154811,8.72825,NULL,"Accepting responsibility: 6
Confrontive Coping: 1
Distancing: 11
Escape-Avoidance: 5
Positive reappraisal: 6
Planful problem-solving: 6
Seeking social support: 3
Self-controlling: 6
",63,6,1,11,5,6,6,3,6,7bd9b8042f579eabbaf94b97fb6108f83dd04cc2c2be23f378d5266f96f7cf34,mkaup4pb92,0,198,0,10
"The Ways of Coping",0,pre_study,1605043524437,7.971983333333333,NULL,"Accepting responsibility: 9
Confrontive Coping: 6
Distancing: 4
Escape-Avoidance: 14
Positive reappraisal: 0
Planful problem-solving: 6
Seeking social support: 8
Self-controlling: 12
",83,9,6,4,14,6,0,8,12,f546e459d1c8129b086d3269d46a3d1ccdfe443c507849f0144df3f2cb51dc9d,lkhze3n5nn,0,198,0,10
"The Ways of Coping",0,pre_study,1605077542212,7.322516666666667,NULL,"Accepting responsibility: 6
Confrontive Coping: 8
Distancing: 5
Escape-Avoidance: 14
Positive reappraisal: 4
Planful problem-solving: 7
Seeking social support: 10
Self-controlling: 8
",86,6,8,5,14,7,4,10,8,636a98901870a95c0390a6ae50b5d8d14391adfde9710295be604f142663110b,cvzufuxthk,0,198,0,10
"The Ways of Coping",0,pre_study,1605078300104,8.14805,NULL,"Accepting responsibility: 8
Confrontive Coping: 6
Distancing: 5
Escape-Avoidance: 9
Positive reappraisal: 6
Planful problem-solving: 11
Seeking social support: 5
Self-controlling: 9
",83,8,6,5,9,11,6,5,9,70747b9457abb021ed6e9c7cf55704c734d223c871d47c83d88a3585af57a304,jp1va2iomb,0,198,0,10
"The Ways of Coping",0,pre_study,1605081166301,4.86585,NULL,"Accepting responsibility: 3
Confrontive Coping: 6
Distancing: 17
Escape-Avoidance: 15
Positive reappraisal: 2
Planful problem-solving: 7
Seeking social support: 7
Self-controlling: 7
",95,3,6,17,15,7,2,7,7,3253a896582abd053e0df783428e0e8282feaddba5f468b6c3e138878c9244ef,3ukddabafo,0,198,0,10
"The Ways of Coping",0,pre_study,1605083557224,9.40765,NULL,"Accepting responsibility: 8
Confrontive Coping: 9
Distancing: 7
Escape-Avoidance: 4
Positive reappraisal: 6
Planful problem-solving: 17
Seeking social support: 13
Self-controlling: 3
",92,8,9,7,4,17,6,13,3,597d0134a8a76a25f95efcaa0f3fdaaaa6ee168f58acd392bfb28f64d876e355,2okd9q2t28,0,198,0,10
"The Ways of Coping",0,pre_study,1605083823985,10.68355,NULL,"Accepting responsibility: 1
Confrontive Coping: 4
Distancing: 5
Escape-Avoidance: 2
Positive reappraisal: 7
Planful problem-solving: 2
Seeking social support: 6
Self-controlling: 5
",46,1,4,5,2,2,7,6,5,274c9bc2b0268c584c1a82b3202f4dc5cd1ead0666c9214248ad7132572f78f0,ayqmpyeir4,179783,198,0,10
"The Ways of Coping",0,pre_study,1605086544709,12.14,NULL,"Accepting responsibility: 5
Confrontive Coping: 5
Distancing: 3
Escape-Avoidance: 3
Positive reappraisal: 12
Planful problem-solving: 12
Seeking social support: 16
Self-controlling: 8
",86,5,5,3,3,12,12,16,8,2419e0cbed70dbb581c2f6f2d02d69da502af4b49b54313999290398b0bbddd9,kjuhn4yilm,0,198,0,10
"The Ways of Coping",0,pre_study,1605125989176,20.6876,NULL,"Accepting responsibility: 3
Confrontive Coping: 2
Distancing: 4
Escape-Avoidance: 6
Positive reappraisal: 1
Planful problem-solving: 8
Seeking social support: 5
Self-controlling: 10
",59,3,2,4,6,8,1,5,10,a78ebd3ddcce94a0c79402975075f104f703c0bf2cbf6a8cfaa29a44f71c7389,9aqfl5wysx,623017,198,0,10
"The Ways of Coping",0,pre_study,1605177885799,32.20668333333333,NULL,"Accepting responsibility: 2
Confrontive Coping: 5
Distancing: 6
Escape-Avoidance: 9
Positive reappraisal: 1
Planful problem-solving: 4
Seeking social support: 2
Self-controlling: 12
",67,2,5,6,9,4,1,2,12,4372885e53fe4babaaf52c55680dfb2e02508e361576a31e11f96e252a473e6d,8wsb36btjq,1002194,198,0,10
"The Ways of Coping",0,pre_study,1605188454636,11.73345,NULL,"Accepting responsibility: 4
Confrontive Coping: 9
Distancing: 4
Escape-Avoidance: 7
Positive reappraisal: 12
Planful problem-solving: 12
Seeking social support: 13
Self-controlling: 5
",88,4,9,4,7,12,12,13,5,884dd666d02cc41317e83ad80a9399e7523d286671dfd9338bf882ab282b1c33,m07u7m1jsx,612229,198,0,10
"The Ways of Coping",0,pre_study,1605188341967,15.931516666666667,NULL,"Accepting responsibility: 4
Confrontive Coping: 10
Distancing: 2
Escape-Avoidance: 9
Positive reappraisal: 4
Planful problem-solving: 9
Seeking social support: 7
Self-controlling: 5
",70,4,10,2,9,9,4,7,5,bdd365074697452cc0cb19ab935c17429dafb267e9312212a1c8574b88e5959a,crkxg4thep,0,198,0,10
"The Ways of Coping",0,pre_study,1605190086949,6.6962,NULL,"Accepting responsibility: 2
Confrontive Coping: 8
Distancing: 9
Escape-Avoidance: 10
Positive reappraisal: 5
Planful problem-solving: 12
Seeking social support: 7
Self-controlling: 7
",80,2,8,9,10,12,5,7,7,79fd91cc71cdced029237e4349c9f104eee1f917fbb9ec2342b030286a5d42b8,znsi240w07,0,198,0,10
"The Ways of Coping",0,pre_study,1605189946133,9.463766666666666,NULL,"Accepting responsibility: 1
Confrontive Coping: 3
Distancing: 2
Escape-Avoidance: 5
Positive reappraisal: 2
Planful problem-solving: 2
Seeking social support: 4
Self-controlling: 6
",39,1,3,2,5,2,2,4,6,617d1e0abb918a1bc38469d2ad2c1b0aaf68476f0d0ea59c310feb1332297530,9ky35dteyw,0,198,0,10
"The Ways of Coping",0,pre_study,1605191055773,17.427016666666667,NULL,"Accepting responsibility: 6
Confrontive Coping: 4
Distancing: 10
Escape-Avoidance: 10
Positive reappraisal: 3
Planful problem-solving: 2
Seeking social support: 6
Self-controlling: 7
",68,6,4,10,10,2,3,6,7,42fe178c4d1edfec5b018073ec464076b3146a9addf550c87559e00f0b679eca,3an8hxq6zc,0,198,0,10
"The Ways of Coping",0,pre_study,1605192441997,14.877433333333334,NULL,"Accepting responsibility: 3
Confrontive Coping: 5
Distancing: 3
Escape-Avoidance: 4
Positive reappraisal: 11
Planful problem-solving: 10
Seeking social support: 12
Self-controlling: 6
",71,3,5,3,4,10,11,12,6,7eed43b18a2b5b52271e840b42fe753e39f2cafdb41e36f6eb85eb9a9d87be01,bqydqqpjim,29866,198,0,10
"The Ways of Coping",0,pre_study,1605198782711,9.890883333333333,NULL,"Accepting responsibility: 4
Confrontive Coping: 13
Distancing: 6
Escape-Avoidance: 7
Positive reappraisal: 5
Planful problem-solving: 4
Seeking social support: 12
Self-controlling: 5
",74,4,13,6,7,4,5,12,5,2609c20b1dd83d22565726ed1c4551f9d99c7e06566550767f6fddd33beb7990,25l8jv1n93,0,198,0,10
"The Ways of Coping",0,pre_study,1605214207880,12.926366666666667,NULL,"Accepting responsibility: 2
Confrontive Coping: 5
Distancing: 6
Escape-Avoidance: 8
Positive reappraisal: 0
Planful problem-solving: 4
Seeking social support: 3
Self-controlling: 4
",47,2,5,6,8,4,0,3,4,fde936d0d7842b02491b0466c62d00232e0a6019c1c5380d4cf5b9e145df5c83,cgfx1d4afj,8759,198,0,10
"The Ways of Coping",0,pre_study,1605215940725,3.371583333333333,NULL,"Accepting responsibility: 5
Confrontive Coping: 16
Distancing: 13
Escape-Avoidance: 16
Positive reappraisal: 13
Planful problem-solving: 15
Seeking social support: 15
Self-controlling: 11
",136,5,16,13,16,15,13,15,11,6ace27322d947d74194bfb2f2040e5a76f4c80aa3d5e486a2a44c3d8fcf39791,gu5cda7y5s,0,198,0,10
"The Ways of Coping",0,pre_study,1605215193317,27.431433333333334,NULL,"Accepting responsibility: 3
Confrontive Coping: 6
Distancing: 8
Escape-Avoidance: 9
Positive reappraisal: 2
Planful problem-solving: 11
Seeking social support: 9
Self-controlling: 12
",86,3,6,8,9,11,2,9,12,501f3802687e4ef343d37eda350d12bc4bff3ce72958ab0e2b1c7620b5fc4a5a,pliwqj00i1,0,198,0,10
"The Ways of Coping",0,pre_study,1605216475552,7.1086833333333335,NULL,"Accepting responsibility: 7
Confrontive Coping: 7
Distancing: 2
Escape-Avoidance: 5
Positive reappraisal: 7
Planful problem-solving: 5
Seeking social support: 10
Self-controlling: 4
",59,7,7,2,5,5,7,10,4,ec1637e16192b901c6fbb08658a39f56316b373ed002c733c090871af73850d2,u357h4yue6,0,198,0,10
"The Ways of Coping",0,pre_study,1605216357240,13.151816666666667,NULL,"Accepting responsibility: 2
Confrontive Coping: 10
Distancing: 1
Escape-Avoidance: 8
Positive reappraisal: 7
Planful problem-solving: 11
Seeking social support: 6
Self-controlling: 6
",75,2,10,1,8,11,7,6,6,3dfda6ae21c055ad3651c254789727e68b3044001b9eceae70e2412b66ac01b1,j2ex8n9x8m,0,198,0,10
"The Ways of Coping",0,pre_study,1605218903767,8.72085,NULL,"Accepting responsibility: 3
Confrontive Coping: 8
Distancing: 5
Escape-Avoidance: 12
Positive reappraisal: 5
Planful problem-solving: 6
Seeking social support: 4
Self-controlling: 8
",74,3,8,5,12,6,5,4,8,bb933716898ee101fc16026f793179bebf451e57cf0e05095fe77b11e33bd982,mcm84lzz3q,0,198,0,10
"The Ways of Coping",0,pre_study,1605219046126,6.3304833333333335,NULL,"Accepting responsibility: 5
Confrontive Coping: 7
Distancing: 9
Escape-Avoidance: 8
Positive reappraisal: 9
Planful problem-solving: 15
Seeking social support: 14
Self-controlling: 9
",99,5,7,9,8,15,9,14,9,e9a26bfab4f3cb5fb0095e230eaa5522fdd7f454b4f4a74c38c3be247aff0e08,bapzu01jjb,0,198,0,10
"The Ways of Coping",0,pre_study,1605219583614,9.9706,NULL,"Accepting responsibility: 6
Confrontive Coping: 6
Distancing: 3
Escape-Avoidance: 0
Positive reappraisal: 8
Planful problem-solving: 9
Seeking social support: 11
Self-controlling: 5
",66,6,6,3,0,9,8,11,5,549cc55833a932c3abc1cdd78e050dfebf5d16aef82686edcda780f5e5192cec,a6jpmsv9p0,0,198,0,10
"The Ways of Coping",0,pre_study,1605223515976,7.054266666666667,NULL,"Accepting responsibility: 8
Confrontive Coping: 4
Distancing: 7
Escape-Avoidance: 9
Positive reappraisal: 4
Planful problem-solving: 7
Seeking social support: 5
Self-controlling: 12
",81,8,4,7,9,7,4,5,12,da0886c3de6e436afee84c2a1d20ff0b3967f953d992bdf194ca9d9d7f2fdd0f,x12sfl57gx,35918,198,0,10
"The Ways of Coping",0,pre_study,1605226703295,6.38375,NULL,"Accepting responsibility: 7
Confrontive Coping: 8
Distancing: 7
Escape-Avoidance: 10
Positive reappraisal: 8
Planful problem-solving: 6
Seeking social support: 8
Self-controlling: 9
",83,7,8,7,10,6,8,8,9,f64365ca2ca87a0699d3fc52254f869f2d326e00989506815f307b6fb437a624,ixzavaknjf,0,198,0,10
"The Ways of Coping",0,pre_study,1605241362379,6.700066666666666,NULL,"Accepting responsibility: 5
Confrontive Coping: 6
Distancing: 6
Escape-Avoidance: 8
Positive reappraisal: 8
Planful problem-solving: 6
Seeking social support: 6
Self-controlling: 6
",73,5,6,6,8,6,8,6,6,fd6be78d473b4b1a26c1cc8014a73a8764f9b6f033e95321ab5be17305ff8934,8lryg62z4y,1104049,198,0,10
"The Ways of Coping",0,pre_study,1605243629867,10.7772,NULL,"Accepting responsibility: 3
Confrontive Coping: 3
Distancing: 6
Escape-Avoidance: 9
Positive reappraisal: 2
Planful problem-solving: 6
Seeking social support: 5
Self-controlling: 10
",66,3,3,6,9,6,2,5,10,8c337ddb22bf1e4db032f1b2a38c2c60e6ac751fefade3fb883de3104843ea15,o2g2u6gxm5,3882,198,0,10
"The Ways of Coping",0,pre_study,1605251086125,8.945866666666667,NULL,"Accepting responsibility: 1
Confrontive Coping: 7
Distancing: 5
Escape-Avoidance: 6
Positive reappraisal: 5
Planful problem-solving: 5
Seeking social support: 6
Self-controlling: 7
",60,1,7,5,6,5,5,6,7,f56823eecc3230eeb52b21e4f812a8168b7a842c83af4ecfbc25e2a69e4cff0c,cfle839maz,0,198,0,10
"The Ways of Coping",0,pre_study,1605252368969,4.770716666666667,NULL,"Accepting responsibility: 10
Confrontive Coping: 12
Distancing: 9
Escape-Avoidance: 13
Positive reappraisal: 10
Planful problem-solving: 14
Seeking social support: 11
Self-controlling: 13
",121,10,12,9,13,14,10,11,13,d0aa10f2adb7f9fc6d477df3fd3949dcb07e9cc81dd1374760a85ac8a85d7183,m21ydu6r0d,0,198,0,10
"The Ways of Coping",0,pre_study,1605258473136,10.2976,NULL,"Accepting responsibility: 3
Confrontive Coping: 4
Distancing: 2
Escape-Avoidance: 1
Positive reappraisal: 2
Planful problem-solving: 9
Seeking social support: 3
Self-controlling: 4
",44,3,4,2,1,9,2,3,4,0dbc15d2f390c187c16e60d92732acaab737d02e8e12b7a2a5d0530d2fb98a6a,ehap08j1l4,4236,198,0,10
"The Ways of Coping",0,pre_study,1605255170518,75.5147,NULL,"Accepting responsibility: 6
Confrontive Coping: 4
Distancing: 6
Escape-Avoidance: 3
Positive reappraisal: 6
Planful problem-solving: 10
Seeking social support: 6
Self-controlling: 6
",62,6,4,6,3,10,6,6,6,ca355aa83670f4585ad665f2a0c933ff1582100bc7804f2e708f6c4dba948522,0npn7j3pmq,10819619,198,0,10
"The Ways of Coping",0,pre_study,1605258643378,18.078133333333334,NULL,"Accepting responsibility: 2
Confrontive Coping: 6
Distancing: 8
Escape-Avoidance: 5
Positive reappraisal: 10
Planful problem-solving: 8
Seeking social support: 8
Self-controlling: 11
",81,2,6,8,5,8,10,8,11,57aa6ba3c9cadf164d01f590c0131df6a79823806841db4dfd7330dc2a7a3f1b,iqvaqj4g8v,582456,198,0,10
"The Ways of Coping",0,pre_study,1605259652612,7.4790833333333335,NULL,"Accepting responsibility: 3
Confrontive Coping: 7
Distancing: 4
Escape-Avoidance: 9
Positive reappraisal: 3
Planful problem-solving: 6
Seeking social support: 7
Self-controlling: 5
",68,3,7,4,9,6,3,7,5,4441d6f8fde5b46b741b5bab1d35579e73ba94d1f734dfaba0c5e03b55b479e5,506oz163dg,0,198,0,10
"The Ways of Coping",0,pre_study,1605261542116,7.534983333333333,NULL,"Accepting responsibility: 5
Confrontive Coping: 8
Distancing: 7
Escape-Avoidance: 7
Positive reappraisal: 6
Planful problem-solving: 8
Seeking social support: 6
Self-controlling: 9
",69,5,8,7,7,8,6,6,9,b818ce8080464ad040e23b036fb9f229e05cd6b53c9a7c7beb5fb64ce9cc57f4,147zjoeqq0,0,198,0,10
"The Ways of Coping",0,pre_study,1605261915734,10.002216666666667,NULL,"Accepting responsibility: 7
Confrontive Coping: 7
Distancing: 6
Escape-Avoidance: 3
Positive reappraisal: 3
Planful problem-solving: 2
Seeking social support: 11
Self-controlling: 1
",59,7,7,6,3,2,3,11,1,3fbf728db8ecc9e4b8454d7709fae4020c6ff8b37d120e1b2b3edf6a8469af44,8nxov3nbnx,0,198,0,10
"The Ways of Coping",0,pre_study,1605263323440,10.90445,NULL,"Accepting responsibility: 3
Confrontive Coping: 3
Distancing: 2
Escape-Avoidance: 4
Positive reappraisal: 2
Planful problem-solving: 2
Seeking social support: 2
Self-controlling: 7
",37,3,3,2,4,2,2,2,7,28495c5a6ee05913c328023dea0dec60a4bb22ad96dfc368d6c0b558a294b8f0,hvllqrejld,0,198,0,10
"The Ways of Coping",0,pre_study,1605265706476,19.202416666666668,NULL,"Accepting responsibility: 4
Confrontive Coping: 7
Distancing: 4
Escape-Avoidance: 4
Positive reappraisal: 7
Planful problem-solving: 10
Seeking social support: 8
Self-controlling: 10
",82,4,7,4,4,10,7,8,10,b2028a430471f6d22b8a6ef92a43feb1e0ed1a1bc258348179e0c0e312e7255c,syjagjjhud,131954,198,0,10
"The Ways of Coping",0,pre_study,1605278814695,20.742766666666668,NULL,"Accepting responsibility: 2
Confrontive Coping: 4
Distancing: 2
Escape-Avoidance: 2
Positive reappraisal: 10
Planful problem-solving: 9
Seeking social support: 5
Self-controlling: 5
",47,2,4,2,2,9,10,5,5,fc421adcf78fdf0e76bfc0da677f66718269b3f180477387d7f71062defc1430,4isxumw0f4,0,198,0,10
"The Ways of Coping",0,pre_study,1605279033986,46.28,NULL,"Accepting responsibility: 6
Confrontive Coping: 6
Distancing: 7
Escape-Avoidance: 4
Positive reappraisal: 9
Planful problem-solving: 8
Seeking social support: 10
Self-controlling: 5
",70,6,6,7,4,8,9,10,5,819c1e93dc6559f5e502f6a65763533ddb5373b536d1c9c91da87df540f270e7,xf7e9o5h35,2837489,198,0,10
"The Ways of Coping",1,pre_study,1605293355754,5.5587333333333335,NULL,"Accepting responsibility: 7
Confrontive Coping: 11
Distancing: 11
Escape-Avoidance: 4
Positive reappraisal: 5
Planful problem-solving: 15
Seeking social support: 14
Self-controlling: 8
",108,7,11,11,4,15,5,14,8,1851f3e0dd94095ad5c2f365edc808c8cf3f03d73f1e029ee2673f6a32ba667c,q4c1opirrg,0,198,0,10
"The Ways of Coping",0,pre_study,1605306354621,13.33575,NULL,"Accepting responsibility: 8
Confrontive Coping: 9
Distancing: 5
Escape-Avoidance: 15
Positive reappraisal: 8
Planful problem-solving: 8
Seeking social support: 7
Self-controlling: 7
",92,8,9,5,15,8,8,7,7,add388295668b739d766eaa06c4a15aed2ee96387a1256ea93126783ce00b37d,vt6dsg4avx,0,198,0,10
"The Ways of Coping",0,pre_study,1605349917157,6.705266666666667,NULL,"Accepting responsibility: 5
Confrontive Coping: 9
Distancing: 4
Escape-Avoidance: 3
Positive reappraisal: 11
Planful problem-solving: 15
Seeking social support: 11
Self-controlling: 9
",90,5,9,4,3,15,11,11,9,3985833b0a5e2a41253befdad3022eb729762297c89d817d48456bb807a0e51e,a3evpj06hu,0,198,0,10
"The Ways of Coping",0,pre_study,1605350673963,5.47135,NULL,"Accepting responsibility: 5
Confrontive Coping: 10
Distancing: 13
Escape-Avoidance: 13
Positive reappraisal: 0
Planful problem-solving: 0
Seeking social support: 10
Self-controlling: 7
",85,5,10,13,13,0,0,10,7,0094f56774a0befc12649a00d5d2644aecc16e7585183efaface821bc472882a,lco896bx2f,8511,198,0,10
"The Ways of Coping",0,pre_study,1605353690518,6.54795,NULL,"Accepting responsibility: 5
Confrontive Coping: 11
Distancing: 9
Escape-Avoidance: 11
Positive reappraisal: 11
Planful problem-solving: 11
Seeking social support: 10
Self-controlling: 9
",108,5,11,9,11,11,11,10,9,299a888e9b87ff9b94c0b9e0ec3f5e131653667b0c9c7c50a9f853a09b56c2da,ae68jwptq5,0,198,0,10
"The Ways of Coping",0,pre_study,1605353580522,8.567516666666666,NULL,"Accepting responsibility: 3
Confrontive Coping: 5
Distancing: 0
Escape-Avoidance: 18
Positive reappraisal: 6
Planful problem-solving: 2
Seeking social support: 3
Self-controlling: 9
",63,3,5,0,18,2,6,3,9,42d737f38b570d1b0b9916cd7d221aa9bf81fd8f1ab1f42e544939e1d811ad4d,tpebxfjipv,252785,198,0,10
"The Ways of Coping",0,pre_study,1605357216824,10.194783333333334,NULL,"Accepting responsibility: 3
Confrontive Coping: 6
Distancing: 2
Escape-Avoidance: 6
Positive reappraisal: 5
Planful problem-solving: 4
Seeking social support: 4
Self-controlling: 8
",54,3,6,2,6,4,5,4,8,48c62c1371a62765b0d3bd643075b40915b9f8c4fcb071838bd44d193aa1e834,g81dbg8f69,31165,198,0,10
"The Ways of Coping",0,pre_study,1605357881715,6.197916666666667,NULL,"Accepting responsibility: 2
Confrontive Coping: 10
Distancing: 8
Escape-Avoidance: 7
Positive reappraisal: 2
Planful problem-solving: 11
Seeking social support: 8
Self-controlling: 6
",80,2,10,8,7,11,2,8,6,410be7ff8921dd002a2405116b08da7e18bc5206b7d384c5e55e1b9628ca794a,p0ypfb9w0g,0,198,0,10
"The Ways of Coping",0,pre_study,1605359000410,5.1757,NULL,"Accepting responsibility: 0
Confrontive Coping: 3
Distancing: 5
Escape-Avoidance: 3
Positive reappraisal: 4
Planful problem-solving: 9
Seeking social support: 5
Self-controlling: 2
",42,0,3,5,3,9,4,5,2,5afa1d86c92faa1c37fd28efcb69628627db72cc64a6d8a1536d3c81e63c74d9,aqgnv6nusi,0,198,0,10
"The Ways of Coping",0,pre_study,1605360027389,8.485533333333333,NULL,"Accepting responsibility: 1
Confrontive Coping: 2
Distancing: 2
Escape-Avoidance: 4
Positive reappraisal: 4
Planful problem-solving: 7
Seeking social support: 11
Self-controlling: 4
",47,1,2,2,4,7,4,11,4,36ff05474cb3244fea990cb949a6b3b404ec1dd6f1c52d81c06adfe60d475d71,6fzwwvpmsr,0,198,0,10
"The Ways of Coping",0,pre_study,1605363234626,6.298533333333333,NULL,"Accepting responsibility: 11
Confrontive Coping: 11
Distancing: 5
Escape-Avoidance: 14
Positive reappraisal: 14
Planful problem-solving: 17
Seeking social support: 14
Self-controlling: 12
",134,11,11,5,14,17,14,14,12,64f4cef6e4ffcebcc23b200f0c47aaa7440e33ee79c3532e2475c648b7e07bd3,36o8dl5guq,0,198,0,10
"The Ways of Coping",0,pre_study,1605365103539,4.6125,NULL,"Accepting responsibility: 3
Confrontive Coping: 6
Distancing: 6
Escape-Avoidance: 11
Positive reappraisal: 13
Planful problem-solving: 11
Seeking social support: 12
Self-controlling: 8
",98,3,6,6,11,11,13,12,8,cddb3366880994e96c008b82c543044f476f63da4a7dd049b393c8f2f7983c58,tarmtp4ijf,0,198,0,10
"The Ways of Coping",0,pre_study,1605368982777,6.822333333333333,NULL,"Accepting responsibility: 3
Confrontive Coping: 3
Distancing: 2
Escape-Avoidance: 7
Positive reappraisal: 4
Planful problem-solving: 6
Seeking social support: 14
Self-controlling: 7
",70,3,3,2,7,6,4,14,7,77a6be9708556b502bbd17ac84c654d4be9c823c21b648a5e4a60c287bc8f96b,p35k8rr8ll,0,198,0,10
"The Ways of Coping",0,pre_study,1605373067233,6.54305,NULL,"Accepting responsibility: 3
Confrontive Coping: 3
Distancing: 4
Escape-Avoidance: 6
Positive reappraisal: 0
Planful problem-solving: 1
Seeking social support: 0
Self-controlling: 3
",29,3,3,4,6,1,0,0,3,60382253b6a367b9a6edb6195a02f39f0f340b7a91011c3f6cd36597ce5ad857,a83670a154,0,198,0,10
"The Ways of Coping",0,pre_study,1605376157773,8.754733333333334,NULL,"Accepting responsibility: 3
Confrontive Coping: 4
Distancing: 3
Escape-Avoidance: 10
Positive reappraisal: 8
Planful problem-solving: 8
Seeking social support: 5
Self-controlling: 10
",73,3,4,3,10,8,8,5,10,11521e08d4707921db2e6dbb1235840146f91fa3100593d59610fdd981853a68,ifo7smmjwx,0,198,0,10
"The Ways of Coping",0,pre_study,1605388056510,7.7664,NULL,"Accepting responsibility: 5
Confrontive Coping: 5
Distancing: 3
Escape-Avoidance: 8
Positive reappraisal: 0
Planful problem-solving: 2
Seeking social support: 2
Self-controlling: 5
",44,5,5,3,8,2,0,2,5,0dd65f679830e8b9c065e864696fc1b7293d0e997d44e8bec80bff53ea96140c,7jt0sj2517,0,198,0,10
"The Ways of Coping",0,pre_study,1605392795622,7.8257666666666665,NULL,"Accepting responsibility: 3
Confrontive Coping: 5
Distancing: 2
Escape-Avoidance: 8
Positive reappraisal: 5
Planful problem-solving: 4
Seeking social support: 3
Self-controlling: 4
",48,3,5,2,8,4,5,3,4,b63290830e05726700c8b07df241deed7914821b25fc1a389fc50c4753a7fcab,sptw703pgi,0,198,0,10
"The Ways of Coping",0,pre_study,1605395930520,6.9854,NULL,"Accepting responsibility: 6
Confrontive Coping: 8
Distancing: 5
Escape-Avoidance: 14
Positive reappraisal: 9
Planful problem-solving: 9
Seeking social support: 8
Self-controlling: 5
",91,6,8,5,14,9,9,8,5,55a3a351cf7e37e050dd6fcbb36d21296328cd785001d11559e5b9cf23ea539e,icj9uh6tyy,0,198,0,10
"The Ways of Coping",0,pre_study,1605396517682,9.5311,NULL,"Accepting responsibility: 1
Confrontive Coping: 5
Distancing: 4
Escape-Avoidance: 1
Positive reappraisal: 7
Planful problem-solving: 7
Seeking social support: 13
Self-controlling: 3
",58,1,5,4,1,7,7,13,3,3d1f5ee9ecba6e33478ad6db83552748e19a334f043f5608e9e74098c6648074,2b3avqsc19,14604,198,0,10
"The Ways of Coping",1,pre_study,1605422505929,10.560883333333333,NULL,"Accepting responsibility: 9
Confrontive Coping: 10
Distancing: 4
Escape-Avoidance: 11
Positive reappraisal: 14
Planful problem-solving: 14
Seeking social support: 14
Self-controlling: 9
",109,9,10,4,11,14,14,14,9,8f40bc7f74fc5cb12da5e54e0d99dab560b7bc236b6e439fe2af86b42321618c,48tdy61fbg,90857,198,0,10
"The Ways of Coping",0,pre_study,1605428647084,13.9764,NULL,"Accepting responsibility: 4
Confrontive Coping: 7
Distancing: 4
Escape-Avoidance: 8
Positive reappraisal: 5
Planful problem-solving: 7
Seeking social support: 7
Self-controlling: 3
",63,4,7,4,8,7,5,7,3,ce799b505c4c397c666849030782bf4aa0e571ebb4df8682e8a497e063415637,8ttnkgq2t7,0,198,0,10
"The Ways of Coping",0,pre_study,1605447426482,6.8483,NULL,"Accepting responsibility: 9
Confrontive Coping: 9
Distancing: 7
Escape-Avoidance: 17
Positive reappraisal: 4
Planful problem-solving: 6
Seeking social support: 2
Self-controlling: 14
",99,9,9,7,17,6,4,2,14,f03838622be5219331e580ffb274f9aec4e4839e540888d1dfc6c8bea54f7927,m81qczu10p,0,198,0,10
"The Ways of Coping",0,pre_study,1605456335247,7.3552333333333335,NULL,"Accepting responsibility: 3
Confrontive Coping: 5
Distancing: 5
Escape-Avoidance: 6
Positive reappraisal: 9
Planful problem-solving: 12
Seeking social support: 5
Self-controlling: 8
",74,3,5,5,6,12,9,5,8,ce9da1ffb250c3ecccf662d94f0bf61285e68484a27b7e8048f77e296489317a,czpxfnn3me,185477,198,0,10
"The Ways of Coping",0,pre_study,1605471237918,10.7661,NULL,"Accepting responsibility: 4
Confrontive Coping: 9
Distancing: 5
Escape-Avoidance: 2
Positive reappraisal: 6
Planful problem-solving: 10
Seeking social support: 8
Self-controlling: 5
",65,4,9,5,2,10,6,8,5,13499ecff1a63c977a0af44636429d1179e9eac6bc7af0bdf538e0c27e767d1d,87qdf9xnt2,0,198,0,10
"The Ways of Coping",1,pre_study,1605512812929,6.649366666666666,NULL,"Accepting responsibility: 4
Confrontive Coping: 5
Distancing: 6
Escape-Avoidance: 5
Positive reappraisal: 4
Planful problem-solving: 4
Seeking social support: 9
Self-controlling: 5
",57,4,5,6,5,4,4,9,5,913a134d9c33471b48ee6686fa911e035184f7b541a6d007c2c53c3c7d54380b,fg6onknj88,0,198,0,10
"The Ways of Coping",0,pre_study,1605524588092,9.69445,NULL,"Accepting responsibility: 1
Confrontive Coping: 3
Distancing: 7
Escape-Avoidance: 6
Positive reappraisal: 2
Planful problem-solving: 4
Seeking social support: 2
Self-controlling: 9
",50,1,3,7,6,4,2,2,9,1927b3be9d21735ec620afb1e220e81c3fe5d3f72b2e3cd5932edbdc0db51d3d,o6wdhb6j7r,0,198,0,10
"The Ways of Coping",0,pre_study,1605524961339,12.187766666666667,NULL,"Accepting responsibility: 3
Confrontive Coping: 8
Distancing: 7
Escape-Avoidance: 9
Positive reappraisal: 0
Planful problem-solving: 1
Seeking social support: 4
Self-controlling: 7
",56,3,8,7,9,1,0,4,7,69ec0b323f3f30ecdfdae4a1412e3ea406a01f3a1136ce9c61e4a20646b1a961,zkh1b5m3fg,131313,198,0,10
"The Ways of Coping",0,pre_study,1605525453496,5.949283333333334,NULL,"Accepting responsibility: 7
Confrontive Coping: 5
Distancing: 2
Escape-Avoidance: 8
Positive reappraisal: 7
Planful problem-solving: 13
Seeking social support: 4
Self-controlling: 7
",71,7,5,2,8,13,7,4,7,0b4e6f48b0772ad0bd9ea1e44fd17eb05b6b39506540224c000fe024ff2d38af,tprvfa75be,0,198,0,10
"The Ways of Coping",0,pre_study,1605527214882,10.0819,NULL,"Accepting responsibility: 2
Confrontive Coping: 12
Distancing: 1
Escape-Avoidance: 14
Positive reappraisal: 8
Planful problem-solving: 13
Seeking social support: 16
Self-controlling: 7
",91,2,12,1,14,13,8,16,7,16a410dc5e61a663a7ab859d4451f4f709eef05e19f388e666e52f2516578e39,xxiarql0io,0,198,0,10
"The Ways of Coping",0,pre_study,1605529421215,4.604066666666666,NULL,"Accepting responsibility: 3
Confrontive Coping: 7
Distancing: 4
Escape-Avoidance: 7
Positive reappraisal: 2
Planful problem-solving: 3
Seeking social support: 6
Self-controlling: 7
",55,3,7,4,7,3,2,6,7,a56d48d851ccd1e8c4e307939e85de7884f97aa6195d101f43bee54d5734e472,zr4aq4rytf,0,198,0,10
"The Ways of Coping",0,pre_study,1605531828108,9.079516666666667,NULL,"Accepting responsibility: 7
Confrontive Coping: 5
Distancing: 4
Escape-Avoidance: 13
Positive reappraisal: 4
Planful problem-solving: 4
Seeking social support: 9
Self-controlling: 7
",75,7,5,4,13,4,4,9,7,fc73052806607e7a536c8c323f6af1db7baefeb1fa785329eb30f6acf9ed3429,6o486sw4py,330639,198,0,10
"The Ways of Coping",0,pre_study,1605538669156,8.049683333333334,NULL,"Accepting responsibility: 9
Confrontive Coping: 4
Distancing: 6
Escape-Avoidance: 10
Positive reappraisal: 6
Planful problem-solving: 11
Seeking social support: 15
Self-controlling: 6
",92,9,4,6,10,11,6,15,6,8519c5ed9613442e65d674fff5c43726ac13e65467e3a35402c5d5dad524615b,b9c5oz9hhe,0,198,0,10
"The Ways of Coping",0,pre_study,1605539258368,6.513466666666667,NULL,"Accepting responsibility: 2
Confrontive Coping: 3
Distancing: 5
Escape-Avoidance: 7
Positive reappraisal: 3
Planful problem-solving: 7
Seeking social support: 6
Self-controlling: 5
",55,2,3,5,7,7,3,6,5,48ad8e7d6bedbeb651a3af2dd37567fcbf7d12c72b0a54b19a162a468c7f98d7,phsdbw5w5m,0,198,0,10
"The Ways of Coping",0,pre_study,1605541259718,6.974466666666666,NULL,"Accepting responsibility: 3
Confrontive Coping: 2
Distancing: 4
Escape-Avoidance: 9
Positive reappraisal: 9
Planful problem-solving: 8
Seeking social support: 8
Self-controlling: 9
",82,3,2,4,9,8,9,8,9,14211b44ad29401f782b4392178ccefc077a4fe2cb230abf22b97a3428171f40,06ogmcmcx6,0,198,0,10
"The Ways of Coping",0,pre_study,1605541729052,8.632,NULL,"Accepting responsibility: 7
Confrontive Coping: 2
Distancing: 9
Escape-Avoidance: 13
Positive reappraisal: 5
Planful problem-solving: 13
Seeking social support: 10
Self-controlling: 8
",101,7,2,9,13,13,5,10,8,f912092bd421430461b3394faa7697975d99c4b69cc61879dee6c8bf4a93546d,6wc1nm3hia,0,198,0,10
"The Ways of Coping",0,pre_study,1605542210353,8.091833333333334,NULL,"Accepting responsibility: 4
Confrontive Coping: 3
Distancing: 2
Escape-Avoidance: 4
Positive reappraisal: 2
Planful problem-solving: 7
Seeking social support: 6
Self-controlling: 8
",54,4,3,2,4,7,2,6,8,416ab1a0026fceaf4755d892091e867e3f89c1babfbef0224d2c2892436f4220,ef2xmq0k6f,41836,198,0,10
"The Ways of Coping",0,pre_study,1605545563017,2.7222666666666666,NULL,"Accepting responsibility: 0
Confrontive Coping: 0
Distancing: 0
Escape-Avoidance: 0
Positive reappraisal: 0
Planful problem-solving: 0
Seeking social support: 0
Self-controlling: 0
",0,0,0,0,0,0,0,0,0,39a85ebaae20dddb9201b08b6331d538eb7396b4eb9267f0be0ccefb48a802de,aqtzrbg7gw,0,198,0,10
"The Ways of Coping",0,pre_study,1605552248802,6.1155,NULL,"Accepting responsibility: 3
Confrontive Coping: 4
Distancing: 6
Escape-Avoidance: 13
Positive reappraisal: 8
Planful problem-solving: 9
Seeking social support: 0
Self-controlling: 8
",80,3,4,6,13,9,8,0,8,38bacea35178c282f7c773942933715bcfa26d0b0a2e471f0e172f5f0b35afae,imwg1b0cdg,0,198,0,10
"The Ways of Coping",0,pre_study,1605556342257,9.0638,NULL,"Accepting responsibility: 2
Confrontive Coping: 7
Distancing: 11
Escape-Avoidance: 9
Positive reappraisal: 4
Planful problem-solving: 5
Seeking social support: 3
Self-controlling: 11
",85,2,7,11,9,5,4,3,11,eb6e5ce30c2a21bfcd3da2697146cafd7b9ead72adaf204754d7669a276e214d,e8b64pb0og,0,198,0,10
"The Ways of Coping",0,pre_study,1605556068006,7.2477,NULL,"Accepting responsibility: 7
Confrontive Coping: 13
Distancing: 10
Escape-Avoidance: 17
Positive reappraisal: 7
Planful problem-solving: 8
Seeking social support: 12
Self-controlling: 17
",119,7,13,10,17,8,7,12,17,b1aa516fb49bfcdc4ecf0da94e276aaa69e50352d01b57da9e041d496d4c3b0f,sed9ujbqnd,0,198,0,10
"The Ways of Coping",2,pre_study,1605557727622,12.468616666666666,NULL,"Accepting responsibility: 3
Confrontive Coping: 6
Distancing: 2
Escape-Avoidance: 2
Positive reappraisal: 6
Planful problem-solving: 9
Seeking social support: 4
Self-controlling: 9
",61,3,6,2,2,9,6,4,9,ccbb552da66c1120c71d5b58a8f013063c5270b226e596e50fb026d50e951ee0,fb2bq721mz,0,198,0,10
"The Ways of Coping",0,pre_study,1605565349281,14.401216666666667,NULL,"Accepting responsibility: 5
Confrontive Coping: 8
Distancing: 6
Escape-Avoidance: 8
Positive reappraisal: 7
Planful problem-solving: 7
Seeking social support: 10
Self-controlling: 8
",77,5,8,6,8,7,7,10,8,228b1e77c7aa2ab70dbfc467412b51df0c8b8f77a931dc750230ed8c290abeb2,kzeajtfkuu,143116,198,0,10
"The Ways of Coping",0,pre_study,1605571006221,8.45995,NULL,"Accepting responsibility: 3
Confrontive Coping: 3
Distancing: 5
Escape-Avoidance: 6
Positive reappraisal: 10
Planful problem-solving: 13
Seeking social support: 6
Self-controlling: 9
",67,3,3,5,6,13,10,6,9,62b9472ae8bc132e9488d2722c6a760984bfce40846a9197b53c1b7d834322a2,4eqxs0mif4,0,198,0,10
"The Ways of Coping",1,pre_study,1605604011292,10.288983333333332,NULL,"Accepting responsibility: 6
Confrontive Coping: 2
Distancing: 0
Escape-Avoidance: 2
Positive reappraisal: 2
Planful problem-solving: 4
Seeking social support: 9
Self-controlling: 4
",37,6,2,0,2,4,2,9,4,74a7643330c0df61a2dc60a19b3438f624e11bfb99abf145a5df5cf878abe93e,48is1htdqw,0,198,0,10
"The Ways of Coping",0,pre_study,1605611329536,9.579483333333334,NULL,"Accepting responsibility: 5
Confrontive Coping: 3
Distancing: 8
Escape-Avoidance: 12
Positive reappraisal: 4
Planful problem-solving: 7
Seeking social support: 4
Self-controlling: 10
",73,5,3,8,12,7,4,4,10,3e199e300bf417d440f3a27a8f8946028ccf463cf046a9238fe4afdd89f273d2,cm39t6aug7,0,198,0,10
"The Ways of Coping",0,pre_study,1605616603356,5.04195,NULL,"Accepting responsibility: 9
Confrontive Coping: 5
Distancing: 3
Escape-Avoidance: 8
Positive reappraisal: 3
Planful problem-solving: 7
Seeking social support: 10
Self-controlling: 6
",73,9,5,3,8,7,3,10,6,0c42bdc8d1fbb39fe59d93c8987ad36d46e2af56359f24dce9614f16d45dc5e0,8sh8xzpylr,0,198,0,10
"The Ways of Coping",1,pre_study,1605643429864,13.43015,NULL,"Accepting responsibility: 2
Confrontive Coping: 9
Distancing: 5
Escape-Avoidance: 8
Positive reappraisal: 5
Planful problem-solving: 7
Seeking social support: 8
Self-controlling: 7
",79,2,9,5,8,7,5,8,7,0838e2b77e96e7943d76a416c7a7701033ec7ca0a2b401ffa6166115c034c1e3,9d0ivay1aq,0,198,0,10
"The Ways of Coping",0,pre_study,1605649624398,9.347,NULL,"Accepting responsibility: 5
Confrontive Coping: 3
Distancing: 9
Escape-Avoidance: 10
Positive reappraisal: 9
Planful problem-solving: 11
Seeking social support: 7
Self-controlling: 10
",90,5,3,9,10,11,9,7,10,5f2da1318a1cb9a4eccbe64268c98e24e823d27842ca8775bf111f99cea4ae16,rclzp1s27e,304219,198,0,10
"The Ways of Coping",0,pre_study,1605707946511,9.28475,NULL,"Accepting responsibility: 5
Confrontive Coping: 7
Distancing: 4
Escape-Avoidance: 4
Positive reappraisal: 9
Planful problem-solving: 13
Seeking social support: 17
Self-controlling: 8
",90,5,7,4,4,13,9,17,8,feb0f6fbb10a2d9ec4ae91766803c6e1bedba618f9bf3b5a716cecb97df427e4,0a1qwr3rle,0,198,0,10
"The Ways of Coping",0,pre_study,1605714668282,8.464366666666667,NULL,"Accepting responsibility: 6
Confrontive Coping: 6
Distancing: 6
Escape-Avoidance: 6
Positive reappraisal: 8
Planful problem-solving: 7
Seeking social support: 7
Self-controlling: 11
",82,6,6,6,6,7,8,7,11,cc4c50425eb3d1eafcb78010e86c2dad5386acbc116cc9d7546fe1935005c84b,nn76h03tsy,0,198,0,10
"The Ways of Coping",0,pre_study,1605781911720,9.2488,NULL,"Accepting responsibility: 7
Confrontive Coping: 8
Distancing: 8
Escape-Avoidance: 16
Positive reappraisal: 12
Planful problem-solving: 14
Seeking social support: 9
Self-controlling: 11
",115,7,8,8,16,14,12,9,11,ac39ee05785b55fd87286570eeffd4d3dc4f7b54f3ade0e3999f06902f32c4b7,o5l3sr91kj,0,198,0,10
"The Ways of Coping",0,pre_study,1605820520887,19.012633333333333,NULL,"Accepting responsibility: 3
Confrontive Coping: 8
Distancing: 8
Escape-Avoidance: 6
Positive reappraisal: 6
Planful problem-solving: 8
Seeking social support: 13
Self-controlling: 6
",79,3,8,8,6,8,6,13,6,90a84b9e93b82f47ae48e53bcf7abcfbe7c68e9f9f5a0596e95657bff5e83a38,lqbrcab4hg,3845,198,0,10
"The Ways of Coping",0,pre_study,1605883127496,7.0008333333333335,NULL,"Accepting responsibility: 5
Confrontive Coping: 3
Distancing: 4
Escape-Avoidance: 6
Positive reappraisal: 6
Planful problem-solving: 8
Seeking social support: 6
Self-controlling: 4
",56,5,3,4,6,8,6,6,4,bab3196a666ef7bc1b8b665f51b0cc842eb32a735081c761767f6d91ac57b98d,dpj7qs764l,0,198,0,10
"The Ways of Coping",0,pre_study,1605886744595,14.077383333333334,NULL,"Accepting responsibility: 3
Confrontive Coping: 8
Distancing: 7
Escape-Avoidance: 3
Positive reappraisal: 5
Planful problem-solving: 12
Seeking social support: 5
Self-controlling: 9
",71,3,8,7,3,12,5,5,9,2141ab774e4d320f29f8b70b22cc97cef3c655ed2c87ea44c999c2d95ca65667,861noxxf83,280766,198,0,10
"The Ways of Coping",0,pre_study,1605912422446,26.85856666666667,NULL,"Accepting responsibility: 9
Confrontive Coping: 11
Distancing: 7
Escape-Avoidance: 4
Positive reappraisal: 9
Planful problem-solving: 14
Seeking social support: 8
Self-controlling: 14
",102,9,11,7,4,14,9,8,14,b6a3a26eb05dfb9a8b991fc676364377b5418e272c3514f20b4f73fd24886fba,4xc6d4ywn6,0,198,0,10
"The Ways of Coping",0,pre_study,1605986591098,15.14055,NULL,"Accepting responsibility: 4
Confrontive Coping: 7
Distancing: 6
Escape-Avoidance: 3
Positive reappraisal: 5
Planful problem-solving: 6
Seeking social support: 7
Self-controlling: 9
",64,4,7,6,3,6,5,7,9,bc6832ff8716f4cd39c806ace5bdaeb5094d538ea5ae569f6f4bcf8318282e3b,3vno4wczhh,0,198,0,10
"The Ways of Coping",3,pre_study,1606063479915,23.12755,NULL,"Accepting responsibility: 9
Confrontive Coping: 5
Distancing: 10
Escape-Avoidance: 11
Positive reappraisal: 16
Planful problem-solving: 7
Seeking social support: 11
Self-controlling: 8
",102,9,5,10,11,7,16,11,8,72dff471b4c8d0a29fec62408ac3a39c2558dacfeee63c86b86b70bbcaea207f,imalnaz0y2,101652,198,0,10
"The Ways of Coping",0,pre_study,1606068605371,14.62635,NULL,"Accepting responsibility: 11
Confrontive Coping: 5
Distancing: 11
Escape-Avoidance: 17
Positive reappraisal: 10
Planful problem-solving: 4
Seeking social support: 11
Self-controlling: 11
",111,11,5,11,17,4,10,11,11,57142313e8f690b6943eb71d279bfce449817210a79d2815494f43a84b065ef4,snifdq99jx,94353,198,0,10
"The Ways of Coping",0,pre_study,1606083476402,11.7764,NULL,"Accepting responsibility: 9
Confrontive Coping: 10
Distancing: 14
Escape-Avoidance: 12
Positive reappraisal: 7
Planful problem-solving: 15
Seeking social support: 6
Self-controlling: 14
",123,9,10,14,12,15,7,6,14,2a55b9abd7bf2d81992f0888d6be259e704e6adea7b6637febe01274dbe409ae,z9uf395p8q,0,198,0,10
"The Ways of Coping",0,pre_study,1606244968679,22.146066666666666,NULL,"Accepting responsibility: 6
Confrontive Coping: 4
Distancing: 6
Escape-Avoidance: 15
Positive reappraisal: 7
Planful problem-solving: 6
Seeking social support: 1
Self-controlling: 7
",78,6,4,6,15,6,7,1,7,25b90d24d19ea91f801fb93fb7b0c860d065ba24e586cd1bc57fd002ff9ee6b1,54p7rg0g8f,4422853,198,0,10
"The Ways of Coping",0,pre_study,1606248400513,7.8087333333333335,NULL,"Accepting responsibility: 5
Confrontive Coping: 14
Distancing: 4
Escape-Avoidance: 18
Positive reappraisal: 1
Planful problem-solving: 7
Seeking social support: 14
Self-controlling: 9
",95,5,14,4,18,7,1,14,9,c2175cd3de5e98baf2f4644c455f7095fa0470c31784707b9eaceec9aef5a4b7,g7ob9xcsrc,302244,198,0,10
"The Ways of Coping",0,pre_study,1606251740731,7.551233333333333,NULL,"Accepting responsibility: 4
Confrontive Coping: 7
Distancing: 7
Escape-Avoidance: 7
Positive reappraisal: 11
Planful problem-solving: 9
Seeking social support: 10
Self-controlling: 9
",92,4,7,7,7,9,11,10,9,82282c7e26f9ce46e63faa85e93c76f916577c050aef78f742eb1c7d1647e5bb,pcxslrluy2,0,198,0,10
"The Ways of Coping",0,pre_study,1606251761611,13.534116666666666,NULL,"Accepting responsibility: 9
Confrontive Coping: 7
Distancing: 6
Escape-Avoidance: 10
Positive reappraisal: 14
Planful problem-solving: 11
Seeking social support: 11
Self-controlling: 15
",110,9,7,6,10,11,14,11,15,a7aac1458ee1869245d3a509d0674714022134b785978c94d776a615fb49df02,mnphmi8g1i,0,198,0,10
"The Ways of Coping",0,pre_study,1606263223106,7.09715,NULL,"Accepting responsibility: 11
Confrontive Coping: 9
Distancing: 14
Escape-Avoidance: 9
Positive reappraisal: 13
Planful problem-solving: 15
Seeking social support: 13
Self-controlling: 10
",131,11,9,14,9,15,13,13,10,a3d383bec8699da8469dbe1efd585ac33de50959619033ac55c018d4724aee46,rkftzjmsnd,0,198,0,10
"The Ways of Coping",0,pre_study,1606287909815,14.026083333333334,NULL,"Accepting responsibility: 2
Confrontive Coping: 5
Distancing: 4
Escape-Avoidance: 2
Positive reappraisal: 2
Planful problem-solving: 9
Seeking social support: 3
Self-controlling: 8
",44,2,5,4,2,9,2,3,8,1587e347aa39ad3145b3d1741be0a5ef20309e099834e85e2c7f0dca838d9c8b,95wd3tow45,513263,198,0,10
"The Ways of Coping",0,pre_study,1606300670764,4.605383333333333,NULL,"Accepting responsibility: 1
Confrontive Coping: 8
Distancing: 6
Escape-Avoidance: 7
Positive reappraisal: 6
Planful problem-solving: 6
Seeking social support: 10
Self-controlling: 8
",72,1,8,6,7,6,6,10,8,903112ea72bbc1771f9dce9bf414ab3bc22cfb4ad1b86d763917c9b8fd90a792,xw3z35vur9,0,198,0,10
"The Ways of Coping",0,pre_study,1606304831138,10.966633333333334,NULL,"Accepting responsibility: 2
Confrontive Coping: 3
Distancing: 1
Escape-Avoidance: 2
Positive reappraisal: 6
Planful problem-solving: 5
Seeking social support: 6
Self-controlling: 3
",39,2,3,1,2,5,6,6,3,5f334a4c3f59873950d1dd7a643e82ff4aa0fab0ba25457a52556e45308dfe2e,3so9ebwwkn,0,198,0,10
"The Ways of Coping",0,pre_study,1606307999324,3.9969333333333332,NULL,"Accepting responsibility: 4
Confrontive Coping: 1
Distancing: 4
Escape-Avoidance: 5
Positive reappraisal: 4
Planful problem-solving: 6
Seeking social support: 1
Self-controlling: 4
",37,4,1,4,5,6,4,1,4,414945eaa267fa0d9e655432090133975b5a94053f2bb34aa67b8d153c342356,uioxjahyy3,0,198,0,10
"The Ways of Coping",0,pre_study,1606310406645,8.451883333333333,NULL,"Accepting responsibility: 6
Confrontive Coping: 6
Distancing: 8
Escape-Avoidance: 5
Positive reappraisal: 15
Planful problem-solving: 15
Seeking social support: 6
Self-controlling: 7
",89,6,6,8,5,15,15,6,7,60ddbbcbbd53d21fcd01c3e71110a5f596d6a1639be8c55f9d0533a7055bec3a,u2ikslcs67,6216,198,0,10
"The Ways of Coping",0,pre_study,1606313865716,5.02405,NULL,"Accepting responsibility: 4
Confrontive Coping: 11
Distancing: 11
Escape-Avoidance: 17
Positive reappraisal: 9
Planful problem-solving: 9
Seeking social support: 10
Self-controlling: 11
",106,4,11,11,17,9,9,10,11,5f8a570c014216d1afd1937f514d134e1d43d7954933478ae3cb693349515561,c4qmsay0b7,0,198,0,10
"The Ways of Coping",0,pre_study,1606332404855,11.214433333333334,NULL,"Accepting responsibility: 5
Confrontive Coping: 6
Distancing: 3
Escape-Avoidance: 7
Positive reappraisal: 8
Planful problem-solving: 11
Seeking social support: 6
Self-controlling: 8
",72,5,6,3,7,11,8,6,8,59668d7dc70063954bbb48dc919bd705a8b1ad67f54a98e77928e23be49e34a3,66943n08iv,0,198,0,10
"The Ways of Coping",0,pre_study,1606348956020,10.5327,NULL,"Accepting responsibility: 5
Confrontive Coping: 6
Distancing: 5
Escape-Avoidance: 7
Positive reappraisal: 5
Planful problem-solving: 6
Seeking social support: 6
Self-controlling: 6
",61,5,6,5,7,6,5,6,6,dc926d9fd317302415420c6057476836decbf6577740b77520a7472e31a99b44,ihs5gws43e,0,198,0,10
"The Ways of Coping",0,pre_study,1606401130765,7.8341666666666665,NULL,"Accepting responsibility: 3
Confrontive Coping: 5
Distancing: 4
Escape-Avoidance: 12
Positive reappraisal: 7
Planful problem-solving: 7
Seeking social support: 8
Self-controlling: 4
",67,3,5,4,12,7,7,8,4,88666b7de9089d744d7fe93ea982810c80803cf350422105a258ca8f0596530f,xjkftk4mxo,0,198,0,10
"The Ways of Coping",0,pre_study,1606406435481,8.963116666666666,NULL,"Accepting responsibility: 6
Confrontive Coping: 7
Distancing: 4
Escape-Avoidance: 10
Positive reappraisal: 6
Planful problem-solving: 7
Seeking social support: 8
Self-controlling: 7
",79,6,7,4,10,7,6,8,7,7acff070fae55fe23f89d7a675aff3008ea1b04c9678a60f89dfa3adaae49b3e,lsa3m87w8z,0,198,0,10
"The Ways of Coping",2,pre_study,1606442210584,11.950233333333333,NULL,"Accepting responsibility: 3
Confrontive Coping: 3
Distancing: 3
Escape-Avoidance: 8
Positive reappraisal: 7
Planful problem-solving: 6
Seeking social support: 4
Self-controlling: 5
",59,3,3,3,8,6,7,4,5,b9ed53593a919d47dc2ef363af4213c97949776c88700a3b6e09da0e13de02f4,3iwwlm0wle,0,198,0,10
"The Ways of Coping",0,pre_study,1606444101001,18.623616666666667,NULL,"Accepting responsibility: 8
Confrontive Coping: 13
Distancing: 10
Escape-Avoidance: 21
Positive reappraisal: 8
Planful problem-solving: 13
Seeking social support: 12
Self-controlling: 14
",129,8,13,10,21,13,8,12,14,1f34fe52ce4c374e9020f8f2ca07f1c9a2318d0bc294e7f1baf72346db2658ad,2i1vosenz0,43515,198,0,10
"The Ways of Coping",0,pre_study,1606453173363,10.399416666666667,NULL,"Accepting responsibility: 4
Confrontive Coping: 10
Distancing: 6
Escape-Avoidance: 6
Positive reappraisal: 5
Planful problem-solving: 13
Seeking social support: 10
Self-controlling: 7
",81,4,10,6,6,13,5,10,7,dd3b57291c2edfb3694e3f8a9f0b6421ffb0628651e5050988bd0fb9925e88e3,nph9mo9b2p,0,198,0,10
"The Ways of Coping",1,pre_study,1606496774117,14.293883333333333,NULL,"Accepting responsibility: 8
Confrontive Coping: 8
Distancing: 12
Escape-Avoidance: 13
Positive reappraisal: 6
Planful problem-solving: 7
Seeking social support: 9
Self-controlling: 11
",105,8,8,12,13,7,6,9,11,75ae4c6e0b548855f1c9ebdebb5d9a484dc73b4feb63979759ac0435699547e9,dcvy077n1z,0,198,0,10
"The Ways of Coping",0,pre_study,1606499365217,7.624983333333334,NULL,"Accepting responsibility: 4
Confrontive Coping: 7
Distancing: 9
Escape-Avoidance: 4
Positive reappraisal: 4
Planful problem-solving: 10
Seeking social support: 3
Self-controlling: 7
",60,4,7,9,4,10,4,3,7,2658d4015e8877b3290459dcfb98dfdf28fdb075d5d912be86f141f3f7d5e9dd,pnexml7o52,0,198,0,10
"The Ways of Coping",0,pre_study,1606502069164,9.519316666666667,NULL,"Accepting responsibility: 4
Confrontive Coping: 4
Distancing: 7
Escape-Avoidance: 6
Positive reappraisal: 11
Planful problem-solving: 6
Seeking social support: 5
Self-controlling: 10
",73,4,4,7,6,6,11,5,10,6eea59097b7ea2b905303f2dd2f0bfb47f8284420b8fd493b5cbb9326b73ac3b,aszmwt6qmp,30849,198,0,10
"The Ways of Coping",0,pre_study,1606550847653,10.127383333333333,NULL,"Accepting responsibility: 7
Confrontive Coping: 8
Distancing: 5
Escape-Avoidance: 3
Positive reappraisal: 17
Planful problem-solving: 11
Seeking social support: 12
Self-controlling: 6
",94,7,8,5,3,11,17,12,6,e9955c9bdae7995809468852264d7db2094c5a9de770eae3b003cfd08c5c3271,10fgvetn2k,1350,198,0,10
"The Ways of Coping",0,pre_study,1606553444146,11.042316666666666,NULL,"Accepting responsibility: 2
Confrontive Coping: 4
Distancing: 4
Escape-Avoidance: 6
Positive reappraisal: 7
Planful problem-solving: 2
Seeking social support: 8
Self-controlling: 6
",59,2,4,4,6,2,7,8,6,e050b45abf36ebf6b2211f019f5df1485f485b0ff93dced2fc3a7280be4ab91c,ivp9tvvyv9,0,198,0,10
"The Ways of Coping",2,pre_study,1606578795793,9.081316666666666,NULL,"Accepting responsibility: 5
Confrontive Coping: 6
Distancing: 6
Escape-Avoidance: 5
Positive reappraisal: 8
Planful problem-solving: 7
Seeking social support: 6
Self-controlling: 8
",78,5,6,6,5,7,8,6,8,bcc8a6a36530e968348880fddf639cb7580ba5e7087e7943808c791e4efa1ea9,4quzo6h9jb,680113,198,0,10
"The Ways of Coping",0,pre_study,1606603080230,24.534316666666665,NULL,"Accepting responsibility: 3
Confrontive Coping: 7
Distancing: 10
Escape-Avoidance: 7
Positive reappraisal: 12
Planful problem-solving: 10
Seeking social support: 12
Self-controlling: 8
",93,3,7,10,7,10,12,12,8,4764efbd43e3f0cdf00cb9f88d284d8c31f1f2fd2157f84ab0d608110f4b020b,ibinruh2kb,322169,198,0,10
"The Ways of Coping",0,pre_study,1606638647556,9.4962,NULL,"Accepting responsibility: 8
Confrontive Coping: 7
Distancing: 3
Escape-Avoidance: 9
Positive reappraisal: 13
Planful problem-solving: 10
Seeking social support: 18
Self-controlling: 8
",93,8,7,3,9,10,13,18,8,c52185542f2ce14a69d8aea269afd1c65e991da39da09ac59f00dd34e11e2776,h93pam3apq,0,198,0,10
"The Ways of Coping",0,pre_study,1606731284792,7.555166666666667,NULL,"Accepting responsibility: 6
Confrontive Coping: 5
Distancing: 5
Escape-Avoidance: 5
Positive reappraisal: 8
Planful problem-solving: 15
Seeking social support: 4
Self-controlling: 10
",80,6,5,5,5,15,8,4,10,436cd7daabb4ce82a7947d6d3c56bb7762624b65f57da972e090f3d248397a30,sl3h3vbcww,0,198,0,10
"The Ways of Coping",0,pre_study,1606734523830,11.130216666666668,NULL,"Accepting responsibility: 2
Confrontive Coping: 3
Distancing: 2
Escape-Avoidance: 2
Positive reappraisal: 8
Planful problem-solving: 5
Seeking social support: 5
Self-controlling: 3
",40,2,3,2,2,5,8,5,3,3b9a831986517260e5129351e3822994317c45f1eb98176fe7bd739c569819ac,yp5uzbq2tw,0,198,0,10
"The Ways of Coping",0,pre_study,1606738856326,14.912816666666666,NULL,"Accepting responsibility: 6
Confrontive Coping: 8
Distancing: 5
Escape-Avoidance: 3
Positive reappraisal: 11
Planful problem-solving: 14
Seeking social support: 12
Self-controlling: 6
",84,6,8,5,3,14,11,12,6,71018dcd88b73f8441b802686fb9a3aab4d77250696eb32af0b5c4c299af0b43,8v4oily10f,5248,198,0,10
"The Ways of Coping",0,pre_study,1606745722431,8.8785,NULL,"Accepting responsibility: 2
Confrontive Coping: 5
Distancing: 2
Escape-Avoidance: 0
Positive reappraisal: 6
Planful problem-solving: 10
Seeking social support: 4
Self-controlling: 7
",45,2,5,2,0,10,6,4,7,b39eab61c36610e3bebb4418d2e5de5f0a14f4ef4be10d015503e02a06c114b6,thwcjv9ugq,0,198,0,10
"The Ways of Coping",0,pre_study,1606761999863,251.74225,NULL,"Accepting responsibility: 9
Confrontive Coping: 9
Distancing: 3
Escape-Avoidance: 4
Positive reappraisal: 17
Planful problem-solving: 13
Seeking social support: 16
Self-controlling: 13
",115,9,9,3,4,13,17,16,13,b0264afde68f03c37bd9dea1990eba20a1fe9582d13c90e34eb6ecf6822a2f20,yrdvtnnqim,39291574,198,0,10
"The Ways of Coping",1,pre_study,1606764601950,4.898766666666667,NULL,"Accepting responsibility: 4
Confrontive Coping: 8
Distancing: 7
Escape-Avoidance: 9
Positive reappraisal: 5
Planful problem-solving: 9
Seeking social support: 9
Self-controlling: 11
",88,4,8,7,9,9,5,9,11,2dd7eb7209f82a9d7fbaaca7638502d79c1c83a849e29c40bffc52772f78a20e,vdq0tkb0x0,0,198,0,10
"The Ways of Coping",1,pre_study,1606798820325,13.05995,NULL,"Accepting responsibility: 8
Confrontive Coping: 4
Distancing: 9
Escape-Avoidance: 12
Positive reappraisal: 9
Planful problem-solving: 7
Seeking social support: 15
Self-controlling: 3
",101,8,4,9,12,7,9,15,3,4663976487f2ff2abe359d588f474dc34fab9da456d09ec89762c17936615c57,xpbopk7swe,0,198,0,10
"The Ways of Coping",0,pre_study,1606818444786,17.348183333333335,NULL,"Accepting responsibility: 10
Confrontive Coping: 11
Distancing: 10
Escape-Avoidance: 7
Positive reappraisal: 16
Planful problem-solving: 13
Seeking social support: 13
Self-controlling: 12
",126,10,11,10,7,13,16,13,12,7fc409705f90207de111b04f328b90961c91c9d4b78cd7b92d75683416821e8e,8f1ov6zv24,1714036,198,0,10
"The Ways of Coping",1,pre_study,1606842445598,30.293366666666667,NULL,"Accepting responsibility: 4
Confrontive Coping: 9
Distancing: 7
Escape-Avoidance: 12
Positive reappraisal: 7
Planful problem-solving: 10
Seeking social support: 9
Self-controlling: 6
",85,4,9,7,12,10,7,9,6,6b7cf26a9af94d863464960547069c56d984b97f16a832f2d86f5a58d11a09b4,837c6ow0ju,0,198,0,10
"The Ways of Coping",0,pre_study,1606852018230,7.1028,NULL,"Accepting responsibility: 5
Confrontive Coping: 7
Distancing: 10
Escape-Avoidance: 9
Positive reappraisal: 10
Planful problem-solving: 11
Seeking social support: 9
Self-controlling: 6
",88,5,7,10,9,11,10,9,6,4daf14f867c2111e1b2266e5a6b25e1f4aa02c500f9d8e4c7ad1acb2a1b9f2ed,hjfecbw2rr,0,198,0,10
"The Ways of Coping",0,pre_study,1606893222002,9.766583333333333,NULL,"Accepting responsibility: 3
Confrontive Coping: 5
Distancing: 3
Escape-Avoidance: 1
Positive reappraisal: 5
Planful problem-solving: 8
Seeking social support: 4
Self-controlling: 4
",41,3,5,3,1,8,5,4,4,2a6251b6aaabd85aeeec89377bfd373532df87cab70eb2ae88305f21f8647da8,l1ppwqd3zc,0,198,0,10
"The Ways of Coping",0,pre_study,1606908437954,19.357516666666665,NULL,"Accepting responsibility: 3
Confrontive Coping: 4
Distancing: 4
Escape-Avoidance: 8
Positive reappraisal: 4
Planful problem-solving: 8
Seeking social support: 6
Self-controlling: 6
",62,3,4,4,8,8,4,6,6,fec7ef517e6b90edafeb3084da341d531684a6329d08745fea8180fe42d93c3e,edq27qlele,357465,198,0,10
"The Ways of Coping",0,pre_study,1606930159903,11.622683333333333,NULL,"Accepting responsibility: 0
Confrontive Coping: 6
Distancing: 3
Escape-Avoidance: 16
Positive reappraisal: 17
Planful problem-solving: 15
Seeking social support: 6
Self-controlling: 5
",86,0,6,3,16,15,17,6,5,11d3ae5a43e9bacb36e71a6aa1434bec1471ff7c8538836ccb60e61a76867096,8k1s2cgtle,50659,198,0,10
"The Ways of Coping",0,pre_study,1607026672924,6.2432,NULL,"Accepting responsibility: 4
Confrontive Coping: 7
Distancing: 7
Escape-Avoidance: 10
Positive reappraisal: 8
Planful problem-solving: 9
Seeking social support: 10
Self-controlling: 5
",85,4,7,7,10,9,8,10,5,25774e5d63e02c9dc52994cb1ebbb071081056a64abb5dc2ba037fca9bb346a4,x169a99hux,0,198,0,10
"The Ways of Coping",0,pre_study,1607032675022,6.640866666666667,NULL,"Accepting responsibility: 2
Confrontive Coping: 5
Distancing: 6
Escape-Avoidance: 7
Positive reappraisal: 10
Planful problem-solving: 13
Seeking social support: 13
Self-controlling: 7
",90,2,5,6,7,13,10,13,7,f46b2510c4df24921607525d89459a6ce2edb10b6237ac7485a37b925efcf32b,gjxl4t7zai,0,198,0,10
"The Ways of Coping",0,pre_study,1607067006244,6.747683333333334,NULL,"Accepting responsibility: 4
Confrontive Coping: 6
Distancing: 9
Escape-Avoidance: 8
Positive reappraisal: 11
Planful problem-solving: 8
Seeking social support: 8
Self-controlling: 8
",94,4,6,9,8,8,11,8,8,8250df328b149e879cd89233d7314fe57908460d87e65151c631d447582f6891,0q961b46p7,0,198,0,10
"The Ways of Coping",0,pre_study,1607081263958,10.98995,NULL,"Accepting responsibility: 7
Confrontive Coping: 3
Distancing: 5
Escape-Avoidance: 16
Positive reappraisal: 3
Planful problem-solving: 2
Seeking social support: 5
Self-controlling: 7
",68,7,3,5,16,2,3,5,7,645821990af43877ca40e6cac435b4e466d54268ef1dc6d6c0258ad9d0f9b259,8zgtekxflu,0,198,0,10
"The Ways of Coping",0,pre_study,1607196679109,13.6633,NULL,"Accepting responsibility: 4
Confrontive Coping: 4
Distancing: 4
Escape-Avoidance: 6
Positive reappraisal: 12
Planful problem-solving: 11
Seeking social support: 10
Self-controlling: 3
",68,4,4,4,6,11,12,10,3,91d7b9e790dd70ad286084ad165c1f9289d2d2efe1b748803d1b9679011cd63c,rdsglp04uz,13368,198,0,10
"The Ways of Coping",0,pre_study,1607508658497,9.675983333333333,NULL,"Accepting responsibility: 8
Confrontive Coping: 1
Distancing: 7
Escape-Avoidance: 8
Positive reappraisal: 2
Planful problem-solving: 1
Seeking social support: 3
Self-controlling: 5
",45,8,1,7,8,1,2,3,5,65d0e3699898cc6ab3764a5cde66fc82f929aee05b21c62a130ce2bbf430c66a,70mgnskylt,0,198,0,10
"The Ways of Coping",0,pre_study,1607520914246,13.202816666666667,NULL,"Accepting responsibility: 3
Confrontive Coping: 4
Distancing: 3
Escape-Avoidance: 5
Positive reappraisal: 11
Planful problem-solving: 6
Seeking social support: 5
Self-controlling: 3
",59,3,4,3,5,6,11,5,3,6846572226a58dccaf55203b6002beb53346ccbf4fc33d2c521e03302ad46390,87uk75u688,0,198,0,10
"The Ways of Coping",0,pre_study,1607539392613,9.072733333333334,NULL,"Accepting responsibility: 6
Confrontive Coping: 6
Distancing: 11
Escape-Avoidance: 11
Positive reappraisal: 2
Planful problem-solving: 5
Seeking social support: 3
Self-controlling: 4
",75,6,6,11,11,5,2,3,4,85a0564aed0b8b7fbd793bbc2dbb783dc0f6892e683d7d3aa41a9169ec989511,v6ryqo4obh,0,198,0,10
"The Ways of Coping",2,pre_study,1607672683426,9.58365,NULL,"Accepting responsibility: 10
Confrontive Coping: 8
Distancing: 8
Escape-Avoidance: 11
Positive reappraisal: 5
Planful problem-solving: 10
Seeking social support: 5
Self-controlling: 9
",92,10,8,8,11,10,5,5,9,eac2cf24f6c90cc022a595720d9c4d2abb6e6329ff82246e0f1f1f63c485e2bc,888evb1tph,0,198,0,10
"The Ways of Coping",0,pre_study,1607769983819,9.054183333333333,NULL,"Accepting responsibility: 6
Confrontive Coping: 10
Distancing: 7
Escape-Avoidance: 6
Positive reappraisal: 7
Planful problem-solving: 12
Seeking social support: 12
Self-controlling: 9
",90,6,10,7,6,12,7,12,9,6210de49da440c7e1719cc15401b6aba2d5953f2edbb99ca16d05d92e7e0c558,3qcad9eyu1,0,198,0,10
"The Ways of Coping",1,pre_study,1607807284381,4.320166666666666,NULL,"Accepting responsibility: 3
Confrontive Coping: 5
Distancing: 6
Escape-Avoidance: 8
Positive reappraisal: 6
Planful problem-solving: 5
Seeking social support: 5
Self-controlling: 4
",56,3,5,6,8,5,6,5,4,77773132aa2136dd6f2f510b8ba15fa83e2936e94794ff7b4860c6c6ce8e32c1,xyjgxq0q3f,0,198,0,10
"The Ways of Coping",0,pre_study,1607811415344,10.6896,NULL,"Accepting responsibility: 7
Confrontive Coping: 4
Distancing: 6
Escape-Avoidance: 8
Positive reappraisal: 5
Planful problem-solving: 2
Seeking social support: 11
Self-controlling: 5
",68,7,4,6,8,2,5,11,5,79afb0d34941a670ca263309b45490feb0a41cc6166f7859e4b90f3a5dcd3d6c,hctoiloc1v,10322,198,0,10
"The Ways of Coping",0,pre_study,1607967612701,4.9461,NULL,"Accepting responsibility: 4
Confrontive Coping: 6
Distancing: 5
Escape-Avoidance: 7
Positive reappraisal: 4
Planful problem-solving: 9
Seeking social support: 6
Self-controlling: 8
",68,4,6,5,7,9,4,6,8,51ae0a44cd694f5c86e913e8fc217369dca23165da4891cb3c5c5aebca330bb9,0wmvy7u7k8,0,198,0,10
"The Ways of Coping",0,pre_study,1608033273955,7.2846,NULL,"Accepting responsibility: 3
Confrontive Coping: 4
Distancing: 5
Escape-Avoidance: 3
Positive reappraisal: 5
Planful problem-solving: 12
Seeking social support: 11
Self-controlling: 6
",66,3,4,5,3,12,5,11,6,0540d958c82312ca6ec551244925b0707f26514414150f1318ee665273bb891d,wo67uv18u3,0,198,0,10
"The Ways of Coping",0,pre_study,1608106078602,39.659283333333335,NULL,"Accepting responsibility: 2
Confrontive Coping: 9
Distancing: 5
Escape-Avoidance: 4
Positive reappraisal: 5
Planful problem-solving: 12
Seeking social support: 9
Self-controlling: 10
",78,2,9,5,4,12,5,9,10,9d1408ecc7c442c8d2ab8018dae5e5fb7ad76800f4d86af11f3ba6beb2e42b26,ocwqjoptp0,3926150,198,0,10
"The Ways of Coping",0,pre_study,1608110979315,8.1823,NULL,"Accepting responsibility: 4
Confrontive Coping: 4
Distancing: 6
Escape-Avoidance: 7
Positive reappraisal: 3
Planful problem-solving: 6
Seeking social support: 5
Self-controlling: 7
",58,4,4,6,7,6,3,5,7,37990bf0934a9b913e8a41f67da75a1dcfe7f15352b04ca82217e5f88481ff61,ht42ixmvxm,0,198,0,10
"The Ways of Coping",0,pre_study,1608145606240,9.308583333333333,NULL,"Accepting responsibility: 7
Confrontive Coping: 8
Distancing: 2
Escape-Avoidance: 9
Positive reappraisal: 10
Planful problem-solving: 4
Seeking social support: 9
Self-controlling: 10
",78,7,8,2,9,4,10,9,10,f1af1384c6adc13b35e53d65cd2702bc00b6e911e60b1180402388c63d2c66a6,c1js8bs363,0,198,0,10
"The Ways of Coping",0,pre_study,1608182587741,7.8023,NULL,"Accepting responsibility: 8
Confrontive Coping: 9
Distancing: 11
Escape-Avoidance: 10
Positive reappraisal: 5
Planful problem-solving: 10
Seeking social support: 8
Self-controlling: 7
",103,8,9,11,10,10,5,8,7,67950e0938c4e5b8e8ea0a999933df1f412596e960e7012633e237c962896d95,p1mt1pq8zv,0,198,0,10
"The Ways of Coping",0,pre_study,1608363120172,8.579,NULL,"Accepting responsibility: 7
Confrontive Coping: 4
Distancing: 9
Escape-Avoidance: 12
Positive reappraisal: 10
Planful problem-solving: 10
Seeking social support: 8
Self-controlling: 11
",98,7,4,9,12,10,10,8,11,fa87d85751afd160d40b811d05f29de9512d0154338d2012ad144f4625c53b86,zg68dmdden,0,198,0,10
"The Ways of Coping",0,pre_study,1609264717632,9.241983333333334,NULL,"Accepting responsibility: 3
Confrontive Coping: 4
Distancing: 8
Escape-Avoidance: 9
Positive reappraisal: 3
Planful problem-solving: 4
Seeking social support: 9
Self-controlling: 7
",73,3,4,8,9,4,3,9,7,3e4b005e288b1ae145e33c0eee13513306fde12d4f5e42591733ae29f7eaf108,5p9b0ewqkd,0,198,0,10
"The Ways of Coping",0,pre_study,1609710003119,28.552483333333335,NULL,"Accepting responsibility: 4
Confrontive Coping: 5
Distancing: 5
Escape-Avoidance: 8
Positive reappraisal: 8
Planful problem-solving: 10
Seeking social support: 8
Self-controlling: 5
",76,4,5,5,8,10,8,8,5,b9551313859f1624d731d93cb2ca46037ddaaf4dd513a52e869b7d8304800597,xriu0r4kqx,823322,198,0,10
"The Ways of Coping",0,pre_study,1609842043980,7.7723,NULL,"Accepting responsibility: 8
Confrontive Coping: 3
Distancing: 10
Escape-Avoidance: 12
Positive reappraisal: 1
Planful problem-solving: 5
Seeking social support: 8
Self-controlling: 8
",80,8,3,10,12,5,1,8,8,18a03913f7b493c24af7f1453ac347801db20cb5bb16f2ee907ffff10d14dba5,lmn8a32g5t,0,198,0,10
"The Ways of Coping",0,pre_study,1610019562936,18.20318333333333,NULL,"Accepting responsibility: 1
Confrontive Coping: 3
Distancing: 4
Escape-Avoidance: 8
Positive reappraisal: 0
Planful problem-solving: 11
Seeking social support: 1
Self-controlling: 9
",54,1,3,4,8,11,0,1,9,7a2f9ae4039ea87f8276fd112683cef6dec4871841867c796054086c9238ce6a,7gg78c76cb,2265931,198,0,10
"The Ways of Coping",0,pre_study,1610060233507,14.524066666666666,NULL,"Accepting responsibility: 6
Confrontive Coping: 10
Distancing: 7
Escape-Avoidance: 9
Positive reappraisal: 7
Planful problem-solving: 8
Seeking social support: 9
Self-controlling: 6
",81,6,10,7,9,8,7,9,6,466e2f791335164fc3efd52ef0a3d0e5769708032779b1f167b27c1d3fa32855,zk6r5cn7u2,0,198,0,10
"The Ways of Coping",0,pre_study,1610149990058,15.628766666666667,NULL,"Accepting responsibility: 6
Confrontive Coping: 5
Distancing: 14
Escape-Avoidance: 14
Positive reappraisal: 5
Planful problem-solving: 3
Seeking social support: 7
Self-controlling: 9
",88,6,5,14,14,3,5,7,9,c37c586c3820976787b8a848b3d7c5946458e68b581c704e325f18a402f76c3e,as174ikjj3,0,198,0,10
"The Ways of Coping",0,pre_study,1610480517180,8.620466666666667,NULL,"Accepting responsibility: 9
Confrontive Coping: 12
Distancing: 3
Escape-Avoidance: 13
Positive reappraisal: 8
Planful problem-solving: 3
Seeking social support: 6
Self-controlling: 8
",91,9,12,3,13,3,8,6,8,3150658f122ef1171f812cb4955f81fc0dd7faeff077a6bf30fac04637ff8f2f,vpxe7m8x9j,3681,198,0,10
"The Ways of Coping",1,pre_study,1610714376792,7.23395,NULL,"Accepting responsibility: 11
Confrontive Coping: 10
Distancing: 16
Escape-Avoidance: 18
Positive reappraisal: 8
Planful problem-solving: 13
Seeking social support: 7
Self-controlling: 13
",129,11,10,16,18,13,8,7,13,1dd40e8f2e46828d09ef682fea395947699e1cd1fbe07d66120f8ca9a5e4f4d3,apefr35hgq,0,198,0,10
"The Ways of Coping",0,pre_study,1610918059215,11.5452,NULL,"Accepting responsibility: 1
Confrontive Coping: 3
Distancing: 2
Escape-Avoidance: 3
Positive reappraisal: 4
Planful problem-solving: 5
Seeking social support: 3
Self-controlling: 5
",38,1,3,2,3,5,4,3,5,221f964c0faadbd20ab644fd3993836a98e447b2c8ab27b175241558bc5f7ef7,5x288lo6h1,0,198,0,10
"The Ways of Coping",1,pre_study,1611504130125,11.0757,NULL,"Accepting responsibility: 8
Confrontive Coping: 7
Distancing: 11
Escape-Avoidance: 17
Positive reappraisal: 12
Planful problem-solving: 15
Seeking social support: 7
Self-controlling: 9
",114,8,7,11,17,15,12,7,9,92d72b619f143c8d49234d7083133c856416b9cb0a574f0550e1a3eb4936e868,1d136r14ub,0,198,0,10
"The Ways of Coping",0,pre_study,1611932551028,5.4239,NULL,"Accepting responsibility: 7
Confrontive Coping: 11
Distancing: 11
Escape-Avoidance: 11
Positive reappraisal: 12
Planful problem-solving: 12
Seeking social support: 10
Self-controlling: 10
",112,7,11,11,11,12,12,10,10,9517d4cce887b01a7438d6f447c17c73d978f04601d6e6b2828442e4783a6651,g9juwhg68e,0,198,0,10
"The Ways of Coping",1,pre_study,1611673357623,9.790066666666666,NULL,"Accepting responsibility: 2
Confrontive Coping: 7
Distancing: 3
Escape-Avoidance: 5
Positive reappraisal: 7
Planful problem-solving: 8
Seeking social support: 11
Self-controlling: 7
",72,2,7,3,5,8,7,11,7,3e9b86c146f60353f946e908fd9420ac109850f6f28fc837d22b1a1201fc66f4,b36squ3x3c,0,198,0,10
"The Ways of Coping",0,pre_study,1611974264425,4.89735,NULL,"Accepting responsibility: 5
Confrontive Coping: 4
Distancing: 7
Escape-Avoidance: 11
Positive reappraisal: 1
Planful problem-solving: 9
Seeking social support: 3
Self-controlling: 11
",72,5,4,7,11,9,1,3,11,fb25dbd77a8d75e8f93fe12eb5e33a5f90f990c4aa1e0a8b7653fa06200df61c,d9lmepch3a,0,198,0,10
"The Ways of Coping",1,pre_study,1612286379480,19.2196,NULL,"Accepting responsibility: 3
Confrontive Coping: 12
Distancing: 3
Escape-Avoidance: 5
Positive reappraisal: 15
Planful problem-solving: 15
Seeking social support: 13
Self-controlling: 6
",88,3,12,3,5,15,15,13,6,6b7fce52265e74f411be7ee9e59f95505b42c3ba60a8da50134c3542258f5d10,hp95x1anco,0,198,0,10
"The Ways of Coping",0,pre_study,1612467709607,8.269016666666667,NULL,"Accepting responsibility: 3
Confrontive Coping: 6
Distancing: 5
Escape-Avoidance: 4
Positive reappraisal: 13
Planful problem-solving: 7
Seeking social support: 9
Self-controlling: 6
",69,3,6,5,4,7,13,9,6,1f35bb3b850c6c68fac6fd34bd72882171c2c995d966e7ec626f5975f1981759,ycsffn8v6m,0,198,0,10
"The Ways of Coping",0,pre_study,1612625099989,3.3594166666666667,NULL,"Accepting responsibility: 10
Confrontive Coping: 6
Distancing: 3
Escape-Avoidance: 9
Positive reappraisal: 7
Planful problem-solving: 5
Seeking social support: 5
Self-controlling: 5
",63,10,6,3,9,5,7,5,5,4a3e658555149a350afffbdc3215bd022632bc5097ee3d2b2b3add76cd717962,yc2bluganm,0,198,0,10
"The Ways of Coping",0,pre_study,1613053505694,5.15175,NULL,"Accepting responsibility: 7
Confrontive Coping: 3
Distancing: 10
Escape-Avoidance: 11
Positive reappraisal: 1
Planful problem-solving: 9
Seeking social support: 5
Self-controlling: 10
",81,7,3,10,11,9,1,5,10,47abb2ad8bcf0d32785eb9933312a1e34bdac0e3d77056d4185a2ca541c0271d,it8pgqcxwt,0,198,0,10
"The Ways of Coping",0,pre_study,1613110139012,58.09915,NULL,"Accepting responsibility: 4
Confrontive Coping: 7
Distancing: 3
Escape-Avoidance: 4
Positive reappraisal: 1
Planful problem-solving: 8
Seeking social support: 11
Self-controlling: 5
",67,4,7,3,4,8,1,11,5,5b1c3571f491e37cc9ec0d143f195e4fad6a3161c33e0ceea4bd7d131694b929,fo8503qxqe,10318799,198,0,10
"The Ways of Coping",1,pre_study,1613599375706,5.488,NULL,"Accepting responsibility: 4
Confrontive Coping: 2
Distancing: 5
Escape-Avoidance: 11
Positive reappraisal: 6
Planful problem-solving: 8
Seeking social support: 13
Self-controlling: 6
",75,4,2,5,11,8,6,13,6,c8a362e5776589c67e4945c31fcfa2ac28f68b1c0af3205fa37ac80967b2e0e1,tcbz1etmqg,883,198,0,10
"The Ways of Coping",1,pre_study,1615017829337,12.375516666666666,NULL,"Accepting responsibility: 8
Confrontive Coping: 10
Distancing: 4
Escape-Avoidance: 16
Positive reappraisal: 10
Planful problem-solving: 10
Seeking social support: 10
Self-controlling: 12
",111,8,10,4,16,10,10,10,12,31a68681dc276f8173a7f811782ea0cd79a9e444b57f9feb593d7cb061e07c56,7608oxdzi5,0,198,0,10
"The Ways of Coping",1,pre_study,1615077864419,7.340533333333333,NULL,"Accepting responsibility: 1
Confrontive Coping: 4
Distancing: 17
Escape-Avoidance: 16
Positive reappraisal: 16
Planful problem-solving: 10
Seeking social support: 0
Self-controlling: 11
",120,1,4,17,16,10,16,0,11,d99a8fc91991aea55381f3ed3e5cc8b095b7dd17aa8f299cdda66b8b65bc676d,0xhoxqdrar,0,198,0,10
"The Ways of Coping",1,pre_study,1615185887731,9.80195,NULL,"Accepting responsibility: 3
Confrontive Coping: 9
Distancing: 5
Escape-Avoidance: 8
Positive reappraisal: 6
Planful problem-solving: 12
Seeking social support: 5
Self-controlling: 6
",72,3,9,5,8,12,6,5,6,b7a28b472e603935acfa58d079785fc5d7716caab27f7305c5d80b4cd87e101f,pl7jne0o5p,21702,198,0,10
